Card Name,Depiction,Card Effect
Order’s Bastion,An iconic round table with knights seated and linked arm in arm,All allies within 30 feet gain +1 AC and advantage on Wisdom saving throws for 1 minute 🏰>
Street Protector,A hooded knight warding off danger in a bustling market,"All allies within 30 feet gain +1 AC and resistance to nonmagical bludgeoning, piercing, and slashing damage until the start of your next turn 🛡️>"
<Street Defender,A humble armored knight standing protectively in a busy city street,All allies within 30 feet gain +1 to AC and advantage on saving throws against being frightened until the end of your next turn 🏙️>
Street Sentinel,A humble armored figure standing watch on a cobblestone street,All allies within 30 feet gain +1 to AC and can add a +1 bonus to any Dexterity saving throws for 1 minute 🚓>
<Street Guardian,A knight standing vigil over sleeping townsfolk,All allies within 30 feet gain +1 to AC and cannot be surprised until your next turn 🛡️>
Lionheart’s Roar,A roaring lion crest emblazoned on a shield,All allies within 30 feet gain +1 to attack rolls and saving throws for 1 minute 🦁
<Call to Arms,A knight blowing a war horn atop a castle gate,All allies within 30 feet gain +1 to attack rolls and saving throws until the end of your next turn 📯>
Street Protector,A knight warding off shadows from frightened civilians,"All allies within 30 feet gain +1d4 temporary HP at the start of each of their turns for 1 minute, and frightened conditions are ignored while in this area 🛡️"
Knight's Rally,A group of knights charging into battle with banners flying,All allies within 30 feet gain +1d4 to their next saving throw and their movement speed increases by 10 feet until the end of your next turn 🏇
Arthur's Bulwark,A knight with a glowing shield emblazoned with a crown,All allies within 30 feet gain +2 AC and have advantage on saving throws against being frightened for 1 minute 🛡️
Street Knight's Watch,A humble armored figure standing vigilant in a dark alleyway,All allies within 30 feet gain +2 to AC against attacks from creatures of lower CR than the wielder for 1 minute 🏙️>
Protector of the Weak,A humble knight shielding a child from shadowy figures,All allies within 30 feet gain +2 to AC against attacks made by enemies that have attacked any ally this turn 🛡️
Stalwart Defense,A circle of knights locking shields under a stormy sky,All allies within 30 feet gain +2 to AC and can add +2 to any one saving throw made before your next turn ends 🛡️
Guardian of the Streets,A hooded knight standing watch under a lamplit alley,"All allies within 30 feet gain +2 to AC and resistance to bludgeoning, piercing, and slashing damage from nonmagical weapons until the start of your next turn 🏙️"
Guardian of the Streets,A humble knight warding off shadowy figures in a dark alley,All allies within 30 feet gain +2 to AC and resistance to necrotic damage until the start of your next turn 🛡️>
<Oathkeeper's Guard,A knight standing resolute with shield raised,"All allies within 30 feet gain +2 to AC and resistance to non-magical bludgeoning, piercing, and slashing damage for 1 minute 🛡️>"
Camelot's Ward,A radiant castle gate with spectral knights guarding it,"All allies within 30 feet gain +2 to AC until the start of your next turn, and resistance to one damage type of their choice 🏰>"
Street Guardian,A hooded knight watching over a city street at night,All allies within 30 feet gain +2 to all saving throws and regain [[1d6]] HP at the start of their turn for 1 minute 🌙
Knight’s Rally,A band of armored knights charging forward with raised spears,All allies within 30 feet gain +2 to attack rolls and saving throws until the start of your next turn ⚔️>
<Streetwatcher's Grace,A humble knight helping a child cross a busy street,All allies within 30 feet gain +10 feet to their movement speed and advantage on Dexterity saving throws until your next turn 🏙️>
<Vigilant Guard,A knight standing firm on a city street at dusk,"All allies within 30 feet gain a +2 bonus to AC until the end of their next turn, representing steadfast defense 🏰>"
Champion's Rally,A knight raising their sword high as allies gather around,All allies within 30 feet gain advantage on attack rolls and saving throws until the start of your next turn ⚔️
Radiant Valor,"A knight bathed in shining light, rallying troops","All allies within 30 feet gain advantage on attack rolls and saving throws until the start of your next turn, and regain HP equal to [[1d6+your spellcasting modifier]] ✨>"
<Lantern of the Watch,A street knight holding a glowing lantern high,All allies within 30 feet gain darkvision and +1 to initiative rolls for 10 minutes 🌙>
<Lantern of the Watchful Guard,A knight holding a glowing lantern illuminating a dark street,All allies within 30 feet gain darkvision and +2 to all perception checks for 1 hour 🏮>
<Lantern of the Watchful Knight,A glowing lantern held high by a vigilant knight,"All allies within 30 feet gain darkvision, advantage on initiative rolls, and cannot be surprised for 10 minutes 🔥>"
<Lionheart's Courage,A knight with a lion-shaped crest rallying troops,All allies within 30 feet gain temporary hit points equal to [[3d8+level]] and have advantage on attack rolls until the start of your next turn 🦁>
<Knight's Ward,A knight standing vigilant at a city gate protecting citizens from danger,"All allies within 30 feet gain temporary hit points equal to your level at the start of each of their turns for the next minute, representing steadfast defense 🛡️>"
Knight's Rally,A line of armored knights raising their swords in unison,All allies within 30 feet gain temporary hit points equal to your level plus [[1d8]] and have Advantage on saving throws against being frightened for 1 minute 🗡️>
Guardian’s Embrace,A knight in shining armor wrapping a cloak around a frightened villager,All allies within 30 feet gain temporary hit points equal to your proficiency bonus + [[1d8]] for 1 minute 🛡️
Grace of the Round Table,A circle of knights around a glowing table,All allies within 30 feet gain temporary hit points equal to your proficiency bonus + your Charisma modifier for 1 minute 🛡️
Guardian's Embrace,"A knight with arms wide, enveloping a group of villagers","All allies within 30 feet gain temporary HP equal to [[3d8 + your proficiency bonus]], lasting 1 minute 🤗"
Armor of the Round Table,An ornate silver shield etched with a circle of knights,All allies within 30 feet gain temporary HP equal to your level + [[1d8]] and resistance to one damage type of their choice for 1 minute 🛡️
Street Guardian,A knight standing resolutely protecting a crowd in a dark alley,"All allies within 30 feet gain temporary HP equal to your level + their proficiency bonus, lasting 1 minute 🏙️"
<Protector of the Innocent,A knight shielding a child on a busy street,All allies within 30 feet gain temporary HP equal to your level at the start of their next turn and have advantage on saving throws against being frightened for 1 minute 🛡️>
Guardian's Embrace,An armored knight shielding a child from arrows,All allies within 30 feet gain temporary HP equal to your proficiency bonus + [[1d8]] for 1 minute 🛡️
Chivalric Rally,A group of armored knights charging forward with banners,All allies within 30 feet gain temporary HP equal to your proficiency bonus + your Charisma modifier and can use reaction to move 10 feet without provoking opportunity attacks for 1 minute 🐎>
Arthur's Vigil,A regal knight standing sentinel with Excalibur raised,"All allies within 30 feet gain temporary HP equal to your proficiency bonus + your Charisma modifier, lasting 1 minute ⚔️"
Guardian’s Oath,A knight standing firm before a group of frightened villagers,All allies within 30 feet gain temporary HP equal to your proficiency bonus plus [[1d8]] and have resistance to damage until the start of your next turn 🛡️>
Chivalrous Stand,A group of knights standing shoulder to shoulder,All allies within 30 feet have advantage on saving throws against being frightened and charmed for 1 minute 🏰
<Guardian of the Forsaken,A knight standing before a group of poor citizens in a rainstorm,All allies within 30 feet have resistance to all damage and regain [[2d6]] HP at the start of their turn for 1 round 🛡️>
Knight's Benediction,A knight in shining armor raising a chalice glowing with healing light,All allies within 30 feet recover [[2d6+level]] HP and have advantage on their next saving throw within 1 minute ✨
Knight’s Rally,A group of knights raising their swords in unison,"All allies within 30 feet regain [[1d6 + your spellcasting ability modifier]] hit points and have advantage on their next attack roll, embodying the spirit of camaraderie and morale boost 🤝>"
Knight’s Rally,"A group of knights standing shoulder-to-shoulder, raising their weapons",All allies within 30 feet regain hit points equal to [[1d6 + your proficiency bonus]] and gain advantage on their next attack roll within one minute ⚔️
Lionheart’s Shield,A knight holding a lion-shaped shield glowing with protective magic,Allies within 30 feet have their AC increased by 1 and gain resistance to one damage type (chosen when cast) for 1 minute 🦁
Gallant Charge,"A knight raising a lance, charging forward through enemies",An ally can move up to double their speed without provoking opportunity attacks and gains advantage on the next melee attack they make this turn 🐎>
Mantle of the Round,A golden cloak inscribed with the emblem of the Round Table,An ally gains immunity to being charmed and frightened for 10 minutes and can reroll one failed saving throw during this time 💫>
Street Knight’s Pledge,A knight defending common folk in a bustling medieval street,"An ally gains the effects of the Sanctuary spell for 1 minute or until they attack or cast a spell, representing the knight’s vow to protect the weak 🙏"
Steelheart's Ward,A sword bent into a heart-shaped guard glowing with a blue aura,An ally regains [[2d6+your spellcasting modifier]] HP and gains resistance to psychic damage until the end of your next turn ❤️>
Guardian's Grace,An armored knight holding a glowing shield,An ally within 30 feet gains +2 AC and resistance to one damage type of your choice for 1 minute 🛡️>
Guardian’s Embrace,A knight’s shining gauntlets enveloping a comrade,An ally you touch gains +2 AC and resistance to one damage type of your choice for 1 minute 🛡️
Knight’s Vigil,A street knight holding a lantern over a dark alley,"An ally you touch gains +2 bonus to AC and saving throws until your next turn, and when they take damage, you can use your reaction to halve that damage 🕯️"
King's Aegis,A radiant shield emblazoned with a crown,"An ally you touch gains a +2 bonus to AC and saving throws for 1 minute, symbolizing the protection of a noble king 🛡️"
Charge of the Paladin,"A knight on horseback charging into battle, lance extended","As a bonus action, grant one ally within 30 feet the ability to move up to their speed without provoking opportunity attacks this turn and gain an extra [[1d6+3]] radiant damage on their next melee attack ⚔️"
Chivalry’s Embrace,A knight in shining armor kneeling with open arms,Choose an ally within 30 feet who gains advantage on death saving throws and can reroll one failed saving throw during the next minute 🏰
Knight's Vigil,An armored knight standing watch under the moonlight with a flaming sword,"Choose an ally within 30 feet, they gain darkvision 60 ft. and advantage on Perception checks for 1 hour 🌙"
Squire's Aid,A young knight assisting an armored soldier,"Choose an ally. Until the start of your next turn, when they take damage, reduce it by [[1d10 + your spellcasting modifier]] and they gain +2 to AC until that turn ends 💪"
<Round Table Oath,A circular table glowing with ethereal light,Choose one ally
<Regal Vow,A noble knight kneeling with sword planted,Choose one ally
Watchful Sentinel,A knight standing steadfast in front of a gate blocking shadowy figures,Choose one ally
Lance of Protection,"A gleaming lance pointing forward, light trailing like a comet",Choose one ally
Knight’s Oath,A knight clasping their gauntlet in solemn vow,Choose one ally
Street Ward,A humble knight standing watch over a dark alley,Choose one ally in sight
<Knight’s Vow,"A stoic knight kneeling before an ally, sword laid on their shoulder","Choose one ally to receive the Knight’s Vow, granting them advantage on all saving throws and resistance to all damage types until the start of your next turn 🤺>"
Arthur's Boon,A regal knight bestowing a shining emblem on a squire,"Choose one ally who can add [[1d8+2]] to one attack roll, ability check, or saving throw made before the end of your next turn ✨"
<Arthur’s Vow,A knight kneeling before a glowing sword in a stone,Choose one ally who can hear you
Guardian's Oath,A knight kneeling before a wounded comrade,Choose one ally who can see you
<King's Safeguard,A regal knight standing sentry outside a castle gate,Choose one ally who can’t be reduced below 1 HP until the end of your next turn
<Lionheart's Vow,A knight kneeling before a blazing lion banner,Choose one ally who gains advantage on all attack rolls and saving throws until the end of their next turn 🦁>
<Arthur's Vow,A solemn knight placing a hand on his sword hilt,Choose one ally who gains advantage on all attack rolls and saving throws until the start of your next turn ⚔️>
<Valor of the Round Table,A glowing sword with a faint circle of knights in the background,Choose one ally who gains advantage on all attack rolls and saving throws until the start of your next turn 🗡️
<Guardian’s Embrace,Two armored hands glowing with radiant light,Choose one ally who gains resistance to all damage until the end of their next turn ✋>
Lionheart's Vigil,A proud lion emblazoned on a knight’s surcoat,Choose one ally who gains temporary HP equal to [[1d8+3]] and advantage on death saving throws for 1 minute 🦁>
<Knight's Vow,"A knight kneeling under a full moon, swearing an oath",Choose one ally who gains the benefits of the Protector’s Shield: they add your proficiency bonus to all saving throws and gain temporary HP equal to your level for 1 minute 🤝
<Valiant Charge,A knight charging forward with lance gleaming,"Choose one ally who immediately gains +2 to attack rolls and damage on their next attack, and their movement speed increases by 10 feet this turn 🐎>"
Knight’s Rally,A band of armored knights raising their weapons in unison,Choose one ally within 30 feet
<Valor’s Embrace,A knight’s gauntleted hand glowing with radiant light,"Choose one ally within 30 feet, they gain temporary hit points equal to [[1d8+your spellcasting modifier]] and advantage on saving throws until the start of your next turn 🤗>"
Knight’s Vow,A knight engraving a solemn medal,"Choose one ally within 30 feet, they gain the benefits of the Protection fighting style for 1 minute (imposing disadvantage on attacks against others if they are within 5 feet of them) 🛡️>"
Shieldbearer's Grace,A knight raising a kite shield to block a hail of arrows,Choose one ally within 30 feet. They gain +2 AC and resistance to ranged weapon damage until the start of your next turn 🛡️>
Knight's Oath,A knight kneeling with sword planted in the ground,Choose one ally within 30 feet. They gain a +2 bonus to all saving throws and attack rolls until the start of your next turn 🤝
<Knight's Oath,A knight kneeling with a glowing sword laid on an ally's shoulder,Choose one ally within 30 feet. They gain advantage on saving throws and attack rolls until the start of your next turn 🗡️>
Guardian's Vigil,A stalwart knight standing watch under starlight,Choose one ally within 30 feet. They gain temporary HP equal to [[1d8 + your spellcasting modifier]] and cannot be surprised until your next turn 🌟>
Urban Protector,A city knight in shining armor standing between a child and danger,"Choose one ally within 30 feet. They gain the ability to impose disadvantage on attack rolls against themselves until the start of your next turn, as you intercept and divert threats ⚔️>"
<Arthurian Vow,A knight kneeling before a glowing sword in a stone,"Choose one ally, they gain advantage on attack rolls and saving throws until the end of their next turn 🗡️>"
<Arthur’s Favor,A shining sword plunged into a stone with a glowing aura,Choose one ally: they gain advantage on all attack rolls and saving throws until the start of your next turn ⚔️>
Paragon’s Grace,A knight with an ethereal glow kneeling in a ceremonial hall,Choose one ally: they regain [[2d6+your spellcasting modifier]] hit points and are immune to being frightened and charmed for 1 minute ✨>
Honor's Bond,Two knights clasping gauntlets amid a battlefield,Choose yourself and one ally within 30 feet
Radiant Bastion,A heavily armored knight surrounded by a glowing shield,Create a radiant shield around one ally that grants them immunity to being frightened and doubles their healing received for 1 minute ✨>
Street Defender,A knight protecting a group of common folk in a bustling marketplace at dusk,Create an aura in a 15-foot radius around a target ally
Knightly Benediction,A knight praying with a glowing halo appearing above,"Each ally within 30 feet can immediately end one condition affecting them (such as blinded, deafened, or poisoned) and gain +1d4 temporary HP ✝️"
<Arthur's Vigil,A regal knight holding up Excalibur as a beacon,Each ally within 30 feet gains temporary hit points equal to your level plus your Charisma modifier (minimum 1) 🗡️>
Guardian's Embrace,A knight cloaked in a shimmering aura stands protectively,Each ally within 30 feet gains temporary HP equal to [[1d8 + your proficiency bonus]] and resistance to one damage type of their choice for 1 minute 🛡️>
Lantern of the Watchful Knight,A knight holding a glowing lantern illuminating dark streets,"For 1 minute, all allies within 30 feet have advantage on perception checks and gain +1 to AC against opportunity attacks 🚨"
Arthur's Bastion,King Arthur's knights forming a protective formation,"For 1 minute, allies within 30 feet gain +1 to AC and resistance to one damage type of their choice chosen at activation 🏰>"
Armor of Camelot,A knight clad in shining armor with a flowing red cape,"For 1 minute, an ally gains +2 to AC and resistance to all non-magical bludgeoning, piercing, and slashing damage 🛡️>"
King's Mantle,"An ornate cloak embroidered with a golden lion, draped over a knight","For 1 minute, an ally gains resistance to all damage types and emits a calming aura that grants allies within 30 feet +1 to saving throws 🦁>"
Squire’s Aid,A young attendant rushing to brace a fallen knight’s shield,"For 1 minute, each time an ally within 30 feet takes damage, they gain a +2 bonus to all damage rolls against that attacker, usable once per turn ⚔️"
Guardian’s Resolve,"A knight standing firm in a crowded street, blocking foes","For one ally within 30 feet, the first attack that hits them before your next turn deals no damage, and they can use their reaction to attack the attacker once ⚔️>"
<Gallant Charge,"A knight charging forward, shield raised","For one ally within 30 feet, their next melee attack deals an extra [[1d8 + your charisma modifier]] radiant damage and pushes the target 10 feet away 🏇>"
Excalibur's Blessing,A glowing sword embedded in stone with light rays shining,"For one ally, their next weapon attack that hits deals an extra [[2d6]] radiant damage and restores hit points equal to half of that damage dealt to them 💫>"
<Arthur's Mantle,A radiant cloak emblazoned with a crown and sword,"For one minute, an ally gains temporary HP equal to your proficiency bonus plus [[1d8]], and gains +2 to saving throws while the cloak is active 👑>"
<Arthur's Aegis,A shining sword and shield resting atop an ornate stone,"For one minute, one ally gains resistance to all damage from creatures of evil alignment ⚔️>"
Street Protector,A knight standing guard over a busy town street at night,"For the next hour, you can grant one ally within 30 feet the benefit of a +2 bonus to AC and saving throws as long as they do not move more than 10 feet per turn 🛡️"
Knight’s Vigil,A watchful knight standing at a city gate during a storm,"For the next minute, all allies within 30 feet gain +1 to initiative and regain [[1d6+2]] HP at the start of each of their turns if below half health 🌙>"
Steel Resolve,A knight locking arms with a comrade,"For the next minute, allies within 30 feet can reroll one failed saving throw per round, but must keep the second result 💪>"
Guardian’s Grace,A knight holding a glowing shield in front of a child,"For the next minute, an ally of your choice within 30 feet gains +2 AC and advantage on saving throws against being frightened 🛡️>"
Arthurian Valor,A knight in shining armor raising a glowing round table,"For the next minute, one ally within 30 feet can add your spellcasting modifier to saving throws and damage rolls, and can reroll one failed saving throw per turn 🏰>"
Arthur’s Oath,A knight kneeling before the Round Table,"For the next minute, one ally within 30 feet gains +2 to AC and cannot be moved against their will by magical effects, symbolizing the protection of Camelot’s ideals ⚔️>"
Lancelot's Oath,A knight kneeling before a glowing sword embedded in stone,"For the next minute, the target ally's weapon attacks deal an extra [[1d6 + your level]] radiant damage to fiends and undead ⚔️>"
<Arthurian Blessing,A shining sword embedded in stone radiating light,"Gain advantage on all saving throws and attack rolls for one ally until the start of your next turn, as if touched by the Sword in the Stone ⚔️>"
<Valor’s Embrace,A knight's gauntlet glowing with radiant energy,Grant a single ally within 30 feet temporary hit points equal to [[1d8 + your Charisma modifier]] and advantage on their next saving throw against being frightened or charmed 🛡️>
Arthur’s Ward,A knight standing before a castle gate with a glowing sword,"Grant an ally a protective ward that absorbs [[2d6+your proficiency bonus]] damage before breaking, lasting 10 minutes ⚔️"
Street Guardian,A rugged knight standing firm in a dim alleyway protecting commoners,Grant an ally temporary HP equal to your level + [[1d6]] and impose disadvantage on attack rolls against them for 1 round 🏙️>
<Chivalric Ward,A shining knight's gauntlet glowing with a sapphire light,"Grant an ally the ability to reroll one failed saving throw until your next turn, must be used before the end of their next turn 🔷>"
<Valiant's Grace,A shining knight helping a wounded comrade rise,"Grant an ally within 30 feet a burst of vigor, restoring [[1d8+4]] HP and giving advantage on their next attack or saving throw 🏇>"
<King's Vow,A majestic knight swearing fealty before a throne,Grant an ally your unwavering protection: they gain advantage on all saving throws and resistance to all damage until the start of your next turn 🤴
<Valiant Charge,A knight in gleaming armor charging forward with lance,Grant one ally advantage on their next attack roll and reaction to move up to 15 feet without provoking opportunity attacks ⚔️>
Lancaster’s Boon,A golden knight holding a glowing lance,Grant one ally within 30 feet a bonus to damage rolls equal to your proficiency bonus for one minute and they emit bright light in a 10-foot radius while the effect lasts 🌟>
<Street Vigil,A city guard calmly standing watch under a lantern,Grants an ally within 30 feet a +2 bonus to AC and resistance to all damage from creatures of CR less than or equal to your character level for 1 minute 🛡️>
Arthur’s Aegis,An ornate shield bearing the emblem of a lion,"Grants one ally a +2 bonus to AC and immunity to the frightened condition for 1 minute, or until they drop below half their max HP 🦁>"
Grail Blessing,A shining chalice glowing with radiant light,Heal one ally for [[2d8+4]] HP and grant them temporary hit points equal to your level for 1 minute ✨
Noble Steed,A majestic horse armored for war,"Once per long rest, grant an ally within 30 feet a magical mount that appears under their control for 10 minutes, granting +10 speed and advantage on saving throws against being frightened 🐎>"
Arthur’s Oath,A crowned knight taking a solemn vow,"Once per long rest, you can grant a single ally within 30 feet the ability to reroll a failed saving throw or attack roll of their choice during the next minute, must use new roll, champion’s steadfast honor ⚔️>"
<Streetlight Protector,"A knight standing in a dim street, warding off shadowy figures","Once per long rest, you can grant one ally within 30 feet the ability to impose disadvantage on attack rolls against any creature smaller than themselves until your next turn ends 🚶>"
Street Defender,A crusader standing between a group of frightened villagers and shadowy threats,"Once per long rest, you may cast the Sanctuary spell on an ally within 30 feet without concentration, lasting 1 minute 🛡️"
Knight's Resolve,A knight kneeling in prayer holding a sword planted in the ground,"Once per short rest, you can grant one ally within 30 feet advantage on their next saving throw and resistance to all damage until the end of their next turn ✨"
Ironclad Oath,A knight clasping hands with an elderly villager in solemn vow,One ally becomes immune to being frightened and charmed for 1 hour and gains +2 to all saving throws against mind-affecting effects 🦾>
Knight’s Aegis,A knight lifting a shining shield against incoming arrows,"One ally gains a magical shield that absorbs up to [[2d8+4]] damage before breaking, lasting 1 minute 🛡️"
<Shieldbearer's Resolve,A knight raising their shield deflecting arrows,"One ally gains resistance to nonmagical bludgeoning, piercing, and slashing damage for 1 minute 🛡️>"
Lionheart's Grace,A lion-headed knight shining with golden light,One ally gains temporary HP equal to your proficiency bonus + [[1d8]] and can add that bonus to their next damage roll before the end of their next turn 🦁>
Chivalrous Ward,"A shining shield emblazoned with a lion, glowing with holy light",One ally of your choice gains a ward that absorbs up to [[3d6 + your charisma modifier]] damage for 1 minute and grants advantage on saving throws against being frightened or charmed 🦁>
Squire's Aid,A young squire offering a gleaming shield to a warrior,One ally within 30 feet can add [[1d8 + your spellcasting modifier]] to their next healing or damage roll made before the end of their next turn 💪
<Gallant Step,A knight charging forward on horseback,One ally within 30 feet can immediately move up to their speed without provoking opportunity attacks and gains +5 to their next damage roll ⚡>
King's Command,A regal knight with a glowing crown issuing orders,One ally within 30 feet can immediately use their reaction to move up to half their speed and make one weapon attack 🏰
Steel Resolve,"A knight standing firm, surrounded by a faint silver aura",One ally within 30 feet can reroll one failed saving throw in the next minute and gains immunity to being frightened for that duration 🛡️
Street Ward,A humble knight protecting children playing in an alley,One ally within 30 feet gains +1 AC and cannot be surprised until your next turn 🚔>
Shieldbearer's Grace,A knight carrying a large shield blocking arrows,One ally within 30 feet gains +2 AC and resistance to non-magical damage until the end of their next turn 🛡️
Guardian of the Streets,A humble armored knight helping a frightened child in a dark alley,"One ally within 30 feet gains a +2 bonus to AC and all saving throws for 1 minute, and any critical hit against them becomes a normal hit 🛡️"
<Radiant Oath,"A knight kneeling with sword planted, sunlight streaming down",One ally within 30 feet gains a bonus to saving throws and spell attack rolls equal to your proficiency bonus for 1 minute ✨>
Templar’s Resolve,A stoic knight clad in shining armor amidst a battlefield,One ally within 30 feet gains resistance to all damage types until the start of your next turn and can immediately use their reaction to move up to their speed without provoking opportunity attacks ✨>
Guardian’s Embrace,A knight in full armor shielding a weary villager,One ally within 30 feet gains temporary HP equal to [[3d8+your proficiency bonus]] and resistance to all damage until your next turn 🛡️>
<Street Defender,A rugged knight standing protectively in a dim-lit city alley,One ally you choose gains temporary hit points equal to [[2d6 + your level]] and advantage on Dexterity saving throws for 1 hour 🛡️>
<Arthur's Boon,A regal knight holding Excalibur high under a radiant sky,"One ally's weapon attacks deal an additional [[1d8+2]] radiant damage for 1 minute, as if blessed by the spirit of King Arthur ⚔️>"
<Arthur’s Blessing,A regal knight holding a glowing sword over a kneeling squire,One ally’s weapon attacks deal an additional [[1d8+your spellcasting modifier]] radiant damage for the next minute 🗡️>
Urban Guardian,A knight in simple armor shielding a busy street,"Protect one ally within 30 feet: they gain +2 AC and have resistance to all damage for 1 minute, after which they cannot be healed below half their max HP for 10 minutes 🛡️>"
Streetwarden's Guard,A plain-clothed knight standing watch over a dark alley,"Protects an ally by granting them +2 AC and resistance to non-magical bludgeoning, piercing, and slashing damage for 10 minutes 🛡️"
Arthurian Oath,A knight kneeling before a shining sword in a stone,"Select an ally within 30 feet who may add [[2d6]] to any one saving throw or attack roll they make within the next minute, once 🗡️>"
<Valiant's Guard,A knight in shining armor standing before a small child,Select an ally within 30 feet. They gain temporary hit points equal to [[1d10 + your proficiency modifier]] and cannot be frightened for 1 minute 👊>
Street Guardian,A humble armored knight shielding a child in a dark alley,Select one ally who gains the effect of the *Sanctuary* spell for 1 minute or until they attack or cast a spell 🙏>
<Knight's Vow,A knight kneeling before a shining sword planted in the ground,"Select one ally—until the start of your next turn, they have advantage on attack rolls and saving throws, and resist all damage from the first hit each round ⚔️>"
Steed of the Protector,A barded warhorse standing strong and stalwart,Summon a spectral warhorse that carries one ally within 30 feet to a new position up to 40 feet away and grants them advantage on their next melee attack as the steed inspires their courage 🐎>
Chivalric Charge,A mounted knight charging into battle with banner held high,Target ally can immediately use their reaction to move up to half their speed without provoking opportunity attacks and gains +2 to damage on their next weapon attack ⚔️
<Valiant Charge,A charging knight with lance lowered,"Target ally can move up to double their speed and make one melee attack with advantage this turn, gaining temporary HP equal to [[1d8+your spellcasting modifier]] ⚔️>"
Gallant Charge,A knight galloping forward with lance aimed,Target ally can move up to their speed and make one weapon attack with advantage
Stalwart Step,A knight stepping confidently through a battlefield,Target ally can move up to their speed without provoking opportunity attacks before the end of your next turn 🐎>
<Knight’s Vigil,A lone knight watching over a sleeping village,"Target ally cannot be surprised and gains advantage on initiative rolls for 10 minutes, embodying the protective watch of a sentinel 🌙>"
<Shieldbearer's Grace,A robust knight holding a shining shield aloft,Target ally gains +2 AC and advantage on saving throws until the start of your next turn 🛡️>
<Street Guardian,A silver-armored knight standing between a child and a shadowy figure,Target ally gains +2 AC and cannot be moved against their will until the end of your next turn 🛡️>
<Knight’s Vigil,A knight standing watch under a starlit sky,Target ally gains +2 to AC and saving throws until the start of your next turn 🌟>
<Armor of the Valiant,A shining knight raising a gleaming shield,Target ally gains +3 AC and advantage on saving throws against being frightened for 1 minute 🛡️>
<Shieldbearer's Embrace,"A knight holding a large shield, protecting a fallen comrade",Target ally gains +3 AC and cannot be knocked prone or moved against their will until your next turn ends 🛡️>
<Valiant Lance,A shining lance glowing with righteous light,"Target ally gains a +2 bonus to attack rolls and saving throws for 1 minute, and their first melee hit deals an extra [[1d8 + your spellcasting modifier]] radiant damage ⚔️>"
Oathbound Shield,A knight holding a shield engraved with a lion,Target ally gains a +3 bonus to AC and cannot be knocked prone for 1 minute 🦁>
<Arthur's Vow,A radiant knight raising a glowing sword aloft,"Target ally gains advantage on all attack rolls and saving throws for 1 minute as their resolve strengthens, inspired by the legendary king 🗡️"
<Valiant Charge,A knight in shining armor charging forward on a steed,Target ally gains advantage on all attack rolls and saving throws until the start of your next turn ⚔️>
<Lionheart's Courage,A majestic lion standing beside a shield-bearing knight,"Target ally gains advantage on all saving throws and attack rolls until the start of your next turn, embodying the fearless heart of a noble knight 🦁>"
<Valor's Embrace,A knight in shining armor wrapping a glowing cloak around a grateful villager,Target ally gains advantage on all saving throws and resistance to all damage types until the start of your next turn 🛡️>
<Lionheart’s Grace,A radiant knight with a lion-shaped shield,Target ally gains advantage on all saving throws and resistance to damage until the start of your next turn 🦁>
<Knight's Vow,A shining knight kneeling with a glowing sword,Target ally gains advantage on attack rolls and saving throws until the end of your next turn ⚔️
<Knight's Valor,A shining knight raising his sword toward the sky,Target ally gains advantage on attack rolls and saving throws until the end of your next turn ⚔️>
<Knight's Valor,A knight standing firm with a glowing sword,Target ally gains advantage on attack rolls and saving throws until the start of your next turn ⚔️
<Valiant's Boon,"A knight kneeling before a squire, bestowing a glowing sigil",Target ally gains Advantage on attack rolls and saving throws until the start of your next turn ⚔️>
<Knight's Vow,A shining knight kneeling with a sword planted before them,Target ally gains advantage on attack rolls and saving throws until the start of your next turn ⚔️>
<Knight's Valor,A shining knight raising a sword towards the sky,Target ally gains advantage on attack rolls and saving throws until the start of your next turn ⚔️>
<Knight's Valor,A shining armored knight raising his sword high,Target ally gains advantage on attack rolls and saving throws until the start of your next turn ⚔️>
<Lionheart's Boon,A shining knight with a lion crest on his shield,Target ally gains advantage on attack rolls and saving throws until the start of your next turn 🦁>
Knight’s Resilience,A knight standing tall despite visible wounds,Target ally gains advantage on death saving throws and regains [[2d6]] HP at the start of their next turn ❤️
<Lionheart's Resolve,A knight with a glowing lion crest on his shield,Target ally gains advantage on saving throws and all attack rolls until the start of your next turn 🦁>
<Valiant Charge,A knight charging with lance aimed forward,"Target ally gains advantage on the next melee attack and +[[1d8+2]] temporary HP, lasting 1 minute 🐎"
<Valiant Charge,A knight on horseback galloping into battle,Target ally gains advantage on their next attack roll and their movement speed increases by 10 feet until the end of their next turn 🐎>
<King's Aegis,"A majestic knight crowned with a glowing helm, raising a shining shield",Target ally gains resistance to all damage types until the start of your next turn and regains [[1d8+3]] hit points 🛡️>
Knight’s Resolve,A knight gripping the hilt of their sword with determination,Target ally gains temporary hit points equal to [[1d12+your level]] and has advantage on saving throws against charm and fear effects for 10 minutes 💪>
Last Stand of the Squire,A young squire stands defiantly in front of a heavy adversary,Target ally gains temporary hit points equal to [[2d6+ your level]] and can impose disadvantage on one attack roll made against them before the end of your next turn 🛡️>
<Street Knight's Grace,A humble armored figure helping a child cross a busy road,Target ally gains the ability to move without provoking opportunity attacks and has advantage on Dexterity saving throws for 1 minute 🚶‍♂️>
Cloak of the White Hart,"A knight draped in a white stag cloak, shadows recede around them",Target ally has advantage on Stealth checks and gains +5 to Dexterity saving throws until the end of your next turn 🦌
<Knight's Resolve,A lone knight in battered armor standing firm against a storm,Target ally is immune to being frightened and gains resistance to all damage until your next turn ends 🌩️>
Squire's Aid,A young squire handing a shining potion to a weary warrior,Target ally may immediately use their reaction to reroll one failed saving throw this turn 🍶>
<Arthur’s Blessing,A shining knight in armor kneeling beside a wounded squire,Target ally regains [[2d8+your spellcasting modifier]] HP and gains advantage on saving throws against being frightened for 1 minute ⚔️>
Street Knight's Blessing,A humble knight offering a glowing shield to a commoner,"Target ally within 30 feet can roll a d20 and add your proficiency bonus to one saving throw before the end of their next turn, choosing the moment to do so after seeing the roll 🎲>"
Valor's Grace,A glowing knight’s helm hovering above an outstretched hand,Target ally within 30 feet gains temporary HP equal to [[2d8 + your proficiency bonus]] and can add a +2 bonus to one saving throw they make before your next turn 🛡️>
<Sword of the Just,Excalibur gleaming with righteous light,"Target ally’s melee attacks deal an extra [[1d8]] radiant damage for 1 minute, and on a critical hit this effect stuns the target until the end of their next turn ⚔️>"
<Paragon's Grace,A shining knight bestowing a blessing,Target ally’s movement speed doubles and they gain temporary HP equal to your level for 1 minute 🏇>
<Excalibur’s Blessing,A shining sword embedded in a stone,Target ally’s weapon attacks deal an additional [[1d8]] radiant damage for the next minute ⚔️>
Arthur’s Boon,"A regal knight holding Excalibur aloft, light streaming down",Target ally’s weapon attacks deal an extra [[1d6]] radiant damage and they have resistance to fear effects for 1 minute ⚔️
Excalibur's Blessing,A legendary sword pointing heavenward with radiant light,"Target ally’s weapon attacks deal an extra [[1d6]] radiant damage for 1 minute, and they have +2 to damage rolls against fiends and undead ✨"
<Excalibur's Blessing,A legendary sword bathed in radiant light emblazoned with Arthurian runes,Target ally's weapon attacks deal an extra [[1d8 radiant]] damage and ignore half cover for 1 minute ⚔️>
<Excalibur's Blessing,A knight holding a glowing sword in a stone,Target ally’s weapon attacks deal an extra [[1d8]] radiant damage and ignore resistance to radiant damage for 1 minute ✨>
King Arthur's Blessing,"A regal knight placing Excalibur into the stone, light radiating",Target ally's weapon attacks score a critical hit on a 19 or 20 for the next minute 👑>
Excalibur's Blessing,A knight drawing the legendary sword from the stone,"Target ally’s weapon is imbued with Excalibur’s light for 1 minute, adding +1 to attack and damage rolls and causing any critical hit to blind the enemy until the end of their next turn ✨>"
Squire’s Aid,A youthful squire offering a gleaming shield,Target an ally to gain +2 AC until the start of your next turn and reflect 5 damage back to melee attackers during that time 🛡️>
Lance of Valor,A shining lance held aloft by a charging knight,Target one ally who hits an enemy this round
<Oathkeeper's Blessing,A knight swearing an oath with sword on a stone,"The ally gains a +1 bonus to attack rolls, damage rolls, and saving throws for 10 minutes or until they deal damage to a creature that isn’t hostile 🛡️>"
Street Guardian,A knight patrolling a city street at night,The card grants an ally the ability to impose disadvantage on attack rolls against creatures within 5 feet of them for the next minute 🚓>
<Arthur's Blessing,A shining knight with a luminous crown,The chosen ally gains advantage on all attack rolls and saving throws until the end of their next turn ⚔️>
<Arthur's Boon,"A regal knight holding Excalibur aloft, light glowing from the blade",The chosen ally within 30 feet gains advantage on attack rolls and saving throws for 1 minute ⚔️>
Arthurian Blessing,A knight in shining armor wielding Excalibur amidst a glowing aura,"The chosen ally’s weapon attacks deal an additional [[1d8+2]] radiant damage for 10 minutes, and they shed bright light within 10 feet ⚔️"
<Silver Lance,A shining lance glowing with mystical light,"The next time an ally hits with a melee attack, it deals an additional [[2d6]] radiant damage and knocks the target prone if it fails a Strength save DC 13 ⚡>"
Excalibur’s Blessing,A radiant sword held aloft with light spilling forth,The next weapon attack by an ally deals an additional [[2d6]] radiant damage and heals them for half the damage dealt ⚔️>
<Excalibur’s Blessing,A shining sword floating above a knight's hand,The next weapon attack from the target ally deals an extra [[2d6]] radiant damage and grants them temporary HP equal to half the damage dealt ⚔️>
Gallant Surge,A knight charging forward with lance and shield,"The selected ally moves up to their speed instantly and gains temporary HP equal to your level + [[1d8]], lasting 1 minute 🚀"
<Valiant Charge,A knight galloping forward with lance poised,The target ally can use their reaction to move up to their speed and make one weapon attack with advantage before the end of their next turn 🐎
Vigilant Charge,A mounted knight charging forward with lance lowered,The targeted ally gains a bonus to their next melee attack equal to your proficiency bonus and their movement speed increases by 10 feet until the end of their next turn 🐎>
King Arthur's Guard,A legendary knight standing with Excalibur raised high,"Until the end of your next turn, the chosen ally’s attacks deal an extra [[1d12]] radiant damage and they gain advantage on saving throws against charm and fear effects ✨"
Arthurian Guard,A regal knight in shining armor stands before a crowd of commoners,"Until the end of your next turn, you and all allies within 30 feet gain +2 AC, and any attack targeting them has disadvantage as you take the blow instead 🏰>"
Bulwark of the Fallen,An armored knight shielding a wounded comrade from arrows,"Until the start of your next turn, choose one ally: damage dealt to them is reduced by [[2d8]] and they regain [[1d6 + your level]] HP 🛡️"
Steadfast Protector,A knight standing firm against a charging enemy,"Until the start of your next turn, the target ally has advantage on death saving throws and cannot be moved against their will 🚩>"
<Gallant Parry,A knight skillfully deflecting an arrow with a shining blade,"When an ally within 30 feet is hit by an attack, you can use your reaction to reduce the damage taken by [[1d10+your spellcasting modifier]] 🛡️>"
King's Vigil,A regal knight with a glowing crown,You and all allies within 30 feet gain +1 AC and advantage on Wisdom saving throws for 1 minute 👑>
Valiant Charge,A knight charging forward with a glowing lance,You and each ally within 30 feet gain +10 feet of movement and advantage on the next melee attack made before your next turn 🏇>
Loyal Charger,A knight on a steed rushing forward with banner unfurled,You and one ally within 30 feet each gain +10 feet movement and advantage on opportunity attack rolls until the end of your next turn 🐎>
<Chivalrous Charge,A knight on horseback charging with lance lowered,You and target ally both gain +10 feet movement and advantage on your next melee attack within 1 minute 🐎>
<Chivalric Grace,A knight kneeling to offer mercy to a foe's fallen friend,"You can remove one condition (such as frightened or stunned) from one ally within 30 feet, cleansing their spirit with the nobility of chivalry ✨>"
Chivalrous Charge,A knight spurring their steed into a protective formation around an ally,You can teleport to an ally within 30 feet and grant them +2 AC and temporary hit points equal to your proficiency bonus until your next turn ends 🐎>
<Lantern of the Lost,A knight holding a glowing lantern in a dark alley,"You cast this lantern's light on one ally within 30 feet, granting them truesight out to 60 feet and advantage on Stealth checks for 10 minutes 🕯️>"
Arthur's Mantle,A regal knight with a golden crown and shining armor,"You grant an ally the aura of King Arthur, giving them temporary HP equal to your level plus their proficiency bonus, lasting 10 minutes 👑>"
Guardian's Vigil,A vigilant knight standing watch over slumbering townsfolk,"You grant an ally within 30 feet a bonus reaction per round for the next minute, usable only to impose disadvantage on attack rolls against themselves 🛡️>"
<Shieldbearer’s Oath,A knight guarding a commoner from a shadowy threat,"You grant an ally within 30 feet a shield. Until the start of your next turn, the ally gains +2 AC and any damage they take over [[5 + your spellcasting modifier]] is reflected back to the attacker 🛡️>"
<Excalibur's Boon,A gleaming sword with runes glowing along its blade,You grant an ally within 30 feet advantage on their next attack roll and add [[1d8+2]] radiant damage to the hit ⚔️>
<Gallant Charge,A shining knight leading a charge with lance extended,You grant one ally advantage on their next attack roll and add [[1d8+2]] radiant damage to the hit ⚔️
<Guardian's Step,"A knight stepping firmly forward, blocking a path",You grant one ally the ability to move without provoking opportunity attacks for their next turn and gain +2 to AC until then 👣>
Lantern of Valor,A glowing lantern held high by a knight,"You grant one ally within 30 feet advantage on attack rolls and saving throws until the end of their next turn, and their weapon attacks deal an additional [[1d6]] radiant damage 💡"
Guardian of the Poor,"A knight kneeling before a group of street children, offering a loaf of bread",You grant one ally within 30 feet the benefits of the *spare the dying* cantrip at will for 1 minute and disadvantage on attack rolls against any ally with less than half max HP ⚔️>
Excalibur’s Blessing,An ornate sword glowing with blue flames,"You imbue a weapon with Excalibur’s might, granting +1 to attack and damage rolls for 1 hour, and once per long rest, it can deal an extra [[2d8]] radiant damage on a hit ⚔️"
<Squire's Aid,A young squire rushing to help a fallen comrade,"You may grant one ally within 30 feet an immediate bonus action this turn to Dash, Disengage, or Help, inspiring swift support 🤝>"
Street Protector,A knight standing between a shadowy figure and a frightened villager,"You may interpose yourself between an ally and an incoming attack, causing the attack to target you instead and reducing damage by [[1d10+your proficiency bonus]] for one hit, usable once per short rest 🛡️>"
Street Guardian,A knight in simple armor helping civilians behind him,You shield one ally
Loyal Steed,A noble horse shining under a sunlit sky,"You summon a spectral steed that follows an ally, granting them advantage on movement speed checks and saving throws against being restrained or knocked prone for 10 minutes 🐴"